-------------------------------------------------------------------------------------------------------------------------

-- Memasukkan data ke tiap tabel
INSERT INTO SIJARTA.USER (id, nama, jenis_kelamin, no_hp, pwd, tgl_lahir, alamat, saldo_mypay) VALUES
('123e4567-e89b-12d3-a456-426614174000', 'John Doe', 'L', '081234567890', 'password123', '1990-01-15', 'Jl. Merdeka No. 1, Jakarta', 500000),
('223e4567-e89b-12d3-a456-426614174001', 'Jane Smith', 'P', '082345678901', 'securepass456', '1992-05-20', 'Jl. Sudirman No. 10, Surabaya', 750000),
('323e4567-e89b-12d3-a456-426614174002', 'Ahmad Yani', 'L', '083456789012', 'strongpwd789', '1988-11-30', 'Jl. Gatot Subroto No. 5, Bandung', 250000),
('423e4567-e89b-12d3-a456-426614174003', 'Siti Rahayu', 'P', '084567890123', 'safepassword321', '1995-03-25', 'Jl. Diponegoro No. 15, Semarang', 1000000),
('523e4567-e89b-12d3-a456-426614174004', 'Budi Santoso', 'L', '085678901234', 'secretcode555', '1993-07-10', 'Jl. Pahlawan No. 20, Yogyakarta', 300000),
('623e4567-e89b-12d3-a456-426614174005', 'Dewi Lestari', 'P', '086789012345', 'pass1234word', '1991-09-05', 'Jl. Ahmad Yani No. 25, Surakarta', 600000),
('723e4567-e89b-12d3-a456-426614174006', 'Eko Prasetyo', 'L', '087890123456', 'ekostrong2023', '1994-12-20', 'Jl. Veteran No. 30, Malang', 450000),
('823e4567-e89b-12d3-a456-426614174007', 'Rina Wati', 'P', '088901234567', 'rinapass9876', '1989-02-14', 'Jl. Gajah Mada No. 35, Denpasar', 800000),
('923e4567-e89b-12d3-a456-426614174008', 'Hadi Susanto', 'L', '089012345678', 'hadi5ecur3', '1996-06-30', 'Jl. Thamrin No. 40, Medan', 350000),
('a23e4567-e89b-12d3-a456-426614174009', 'Nina Sari', 'P', '090123456789', 'nin@2023pass', '1997-08-18', 'Jl. Sudirman No. 45, Makassar', 550000);

INSERT INTO SIJARTA.PELANGGAN (id, level) VALUES
('123e4567-e89b-12d3-a456-426614174000', 'Gold'),
('223e4567-e89b-12d3-a456-426614174001', 'Silver'),
('323e4567-e89b-12d3-a456-426614174002', 'Bronze'),
('423e4567-e89b-12d3-a456-426614174003', 'Platinum'),
('523e4567-e89b-12d3-a456-426614174004', 'Gold');

INSERT INTO SIJARTA.PEKERJA (id, nama_bank, nomor_rekening, npwp, link_foto, rating, jml_pesanan_selesai) VALUES
('623e4567-e89b-12d3-a456-426614174005', 'BCA', '1234567890', '12.345.678.9-123.000', 'https://example.com/foto/623e4567.jpg', 4.5, 50),
('723e4567-e89b-12d3-a456-426614174006', 'Mandiri', '2345678901', '23.456.789.0-234.000', 'https://example.com/foto/723e4567.jpg', 4.2, 35),
('823e4567-e89b-12d3-a456-426614174007', 'BNI', '3456789012', '34.567.890.1-345.000', 'https://example.com/foto/823e4567.jpg', 4.8, 75),
('923e4567-e89b-12d3-a456-426614174008', 'BRI', '4567890123', '45.678.901.2-456.000', 'https://example.com/foto/923e4567.jpg', 4.0, 25),
('a23e4567-e89b-12d3-a456-426614174009', 'CIMB', '5678901234', '56.789.012.3-567.000', 'https://example.com/foto/a23e4567.jpg', 4.6, 60);

INSERT INTO SIJARTA.KATEGORI_JASA (id, nama_kategori) VALUES
('b23e4567-e89b-12d3-a456-426614174000', 'Home Cleaning'),
('c23e4567-e89b-12d3-a456-426614174001', 'Deep Cleaning'),
('d23e4567-e89b-12d3-a456-426614174002', 'Laundry Service'),
('e23e4567-e89b-12d3-a456-426614174003', 'Gardening'),
('f23e4567-e89b-12d3-a456-426614174004', 'Home Repair');

INSERT INTO SIJARTA.PEKERJA_KATEGORI_JASA (pekerja_id, kategori_jasa_id) VALUES
('623e4567-e89b-12d3-a456-426614174005', 'b23e4567-e89b-12d3-a456-426614174000'),
('623e4567-e89b-12d3-a456-426614174005', 'c23e4567-e89b-12d3-a456-426614174001'),
('723e4567-e89b-12d3-a456-426614174006', 'b23e4567-e89b-12d3-a456-426614174000'),
('723e4567-e89b-12d3-a456-426614174006', 'd23e4567-e89b-12d3-a456-426614174002'),
('823e4567-e89b-12d3-a456-426614174007', 'c23e4567-e89b-12d3-a456-426614174001'),
('823e4567-e89b-12d3-a456-426614174007', 'e23e4567-e89b-12d3-a456-426614174003'),
('923e4567-e89b-12d3-a456-426614174008', 'd23e4567-e89b-12d3-a456-426614174002'),
('923e4567-e89b-12d3-a456-426614174008', 'f23e4567-e89b-12d3-a456-426614174004'),
('a23e4567-e89b-12d3-a456-426614174009', 'e23e4567-e89b-12d3-a456-426614174003'),
('a23e4567-e89b-12d3-a456-426614174009', 'f23e4567-e89b-12d3-a456-426614174004');

INSERT INTO SIJARTA.SUBKATEGORI_JASA VALUES
('a23e4567-e89b-12d3-a456-426614174000', 'Daily Cleaning', 'Layanan pembersihan harian', 'b23e4567-e89b-12d3-a456-426614174000'),
('b23e4567-e89b-12d3-a456-426614174001', 'Weekly Cleaning', 'Layanan pembersihan mingguan', 'b23e4567-e89b-12d3-a456-426614174000'),
('c23e4567-e89b-12d3-a456-426614174002', 'Cuci Kasur', 'Layanan cuci kasur mendalam', 'c23e4567-e89b-12d3-a456-426614174001'),
('d23e4567-e89b-12d3-a456-426614174003', 'Cuci Karpet', 'Layanan cuci karpet mendalam', 'c23e4567-e89b-12d3-a456-426614174001'),
('e23e4567-e89b-12d3-a456-426614174004', 'Dry Cleaning', 'Layanan dry cleaning', 'd23e4567-e89b-12d3-a456-426614174002'),
('f23e4567-e89b-12d3-a456-426614174005', 'Wash & Fold', 'Layanan cuci dan lipat', 'd23e4567-e89b-12d3-a456-426614174002'),
('a23e4567-e89b-12d3-a456-426614174006', 'Lawn Mowing', 'Layanan potong rumput', 'e23e4567-e89b-12d3-a456-426614174003'),
('b23e4567-e89b-12d3-a456-426614174007', 'Plant Care', 'Layanan perawatan tanaman', 'e23e4567-e89b-12d3-a456-426614174003'),
('c23e4567-e89b-12d3-a456-426614174008', 'Plumbing', 'Layanan perbaikan pipa', 'f23e4567-e89b-12d3-a456-426614174004'),
('d23e4567-e89b-12d3-a456-426614174009', 'Electrical', 'Layanan perbaikan listrik', 'f23e4567-e89b-12d3-a456-426614174004');

INSERT INTO SIJARTA.SESI_LAYANAN (subkategori_id, sesi, harga) VALUES
('a23e4567-e89b-12d3-a456-426614174000', 1, 100000),
('a23e4567-e89b-12d3-a456-426614174000', 2, 180000),
('a23e4567-e89b-12d3-a456-426614174000', 3, 250000),
('b23e4567-e89b-12d3-a456-426614174001', 1, 150000),
('b23e4567-e89b-12d3-a456-426614174001', 2, 280000),
('b23e4567-e89b-12d3-a456-426614174001', 3, 400000),
('c23e4567-e89b-12d3-a456-426614174002', 1, 200000),
('c23e4567-e89b-12d3-a456-426614174002', 2, 350000),
('d23e4567-e89b-12d3-a456-426614174003', 1, 180000),
('d23e4567-e89b-12d3-a456-426614174003', 2, 320000),
('e23e4567-e89b-12d3-a456-426614174004', 1, 120000),
('e23e4567-e89b-12d3-a456-426614174004', 2, 220000),
('f23e4567-e89b-12d3-a456-426614174005', 1, 80000),
('f23e4567-e89b-12d3-a456-426614174005', 2, 150000),
('a23e4567-e89b-12d3-a456-426614174006', 1, 150000),
('a23e4567-e89b-12d3-a456-426614174006', 2, 270000),
('b23e4567-e89b-12d3-a456-426614174007', 1, 100000),
('b23e4567-e89b-12d3-a456-426614174007', 2, 180000),
('c23e4567-e89b-12d3-a456-426614174008', 1, 250000),
('c23e4567-e89b-12d3-a456-426614174008', 2, 450000),
('d23e4567-e89b-12d3-a456-426614174009', 1, 200000),
('d23e4567-e89b-12d3-a456-426614174009', 2, 380000),
('a23e4567-e89b-12d3-a456-426614174000', 4, 320000),
('b23e4567-e89b-12d3-a456-426614174001', 4, 520000),
('c23e4567-e89b-12d3-a456-426614174002', 3, 480000),
('d23e4567-e89b-12d3-a456-426614174003', 3, 440000),
('e23e4567-e89b-12d3-a456-426614174004', 3, 300000),
('f23e4567-e89b-12d3-a456-426614174005', 3, 210000),
('a23e4567-e89b-12d3-a456-426614174006', 3, 380000),
('b23e4567-e89b-12d3-a456-426614174007', 3, 250000);

INSERT INTO SIJARTA.KATEGORI_TR_MYPAY (id, nama) VALUES
('a23e4567-e89b-12d3-a456-426614174000', 'Top Up'),
('b23e4567-e89b-12d3-a456-426614174001', 'Pembayaran Jasa'),
('c23e4567-e89b-12d3-a456-426614174002', 'Transfer'),
('d23e4567-e89b-12d3-a456-426614174003', 'Pembelian Voucher'),
('e23e4567-e89b-12d3-a456-426614174004', 'Pengembalian Dana'),
('e23e4567-e89b-12d3-a456-426614174005', 'Menerima Honor Transaksi Jasa'),
('e23e4567-e89b-12d3-a456-426614174006', 'Menerima Transfer'),
('f23e4567-e89b-12d3-a456-426614174007', 'Penarikan Dana');


INSERT INTO SIJARTA.METODE_BAYAR (id, nama) VALUES
('123e4567-e89b-12d3-a456-426614174000', 'MyPay'),
('223e4567-e89b-12d3-a456-426614174001', 'Bank Transfer'),
('323e4567-e89b-12d3-a456-426614174002', 'Credit Card'),
('423e4567-e89b-12d3-a456-426614174003', 'Debit Card'),
('523e4567-e89b-12d3-a456-426614174004', 'E-Wallet'),
('633e4567-e89b-12d3-a456-426614174005', 'Cash');

INSERT INTO SIJARTA.TR_MYPAY (id, user_id, tgl, nominal, kategori_id) VALUES
('cd030b06-13a0-4689-8fe5-ecb86541abcc', '123e4567-e89b-12d3-a456-426614174000', '2024-10-01', 100000, 'a23e4567-e89b-12d3-a456-426614174000'),
('c23e4567-e89b-12d3-a456-426614174001', '223e4567-e89b-12d3-a456-426614174001', '2024-10-02', 75000, 'b23e4567-e89b-12d3-a456-426614174001'),
('d23e4567-e89b-12d3-a456-426614174002', '323e4567-e89b-12d3-a456-426614174002', '2024-10-03', 50000, 'c23e4567-e89b-12d3-a456-426614174002'),
('e23e4567-e89b-12d3-a456-426614174003', '423e4567-e89b-12d3-a456-426614174003', '2024-10-04', 200000, 'd23e4567-e89b-12d3-a456-426614174003'),
('f23e4567-e89b-12d3-a456-426614174004', '523e4567-e89b-12d3-a456-426614174004', '2024-10-05', 30000, 'e23e4567-e89b-12d3-a456-426614174004'),
('123e4567-e89b-12d3-a456-426614174005', '623e4567-e89b-12d3-a456-426614174005', '2024-10-06', 150000, 'a23e4567-e89b-12d3-a456-426614174000'),
('223e4567-e89b-12d3-a456-426614174006', '723e4567-e89b-12d3-a456-426614174006', '2024-10-07', 80000, 'b23e4567-e89b-12d3-a456-426614174001'),
('323e4567-e89b-12d3-a456-426614174007', '823e4567-e89b-12d3-a456-426614174007', '2024-10-08', 120000, 'c23e4567-e89b-12d3-a456-426614174002'),
('423e4567-e89b-12d3-a456-426614174008', '923e4567-e89b-12d3-a456-426614174008', '2024-10-09', 60000, 'd23e4567-e89b-12d3-a456-426614174003'),
('523e4567-e89b-12d3-a456-426614174009', 'a23e4567-e89b-12d3-a456-426614174009', '2024-10-10', 40000, 'e23e4567-e89b-12d3-a456-426614174004'),
('623e4567-e89b-12d3-a456-426614174010', '123e4567-e89b-12d3-a456-426614174000', '2024-10-11', 90000, 'a23e4567-e89b-12d3-a456-426614174000'),
('723e4567-e89b-12d3-a456-426614174011', '223e4567-e89b-12d3-a456-426614174001', '2024-10-12', 110000, 'b23e4567-e89b-12d3-a456-426614174001'),
('823e4567-e89b-12d3-a456-426614174012', '323e4567-e89b-12d3-a456-426614174002', '2024-10-13', 70000, 'c23e4567-e89b-12d3-a456-426614174002'),
('923e4567-e89b-12d3-a456-426614174013', '423e4567-e89b-12d3-a456-426614174003', '2024-10-14', 180000, 'd23e4567-e89b-12d3-a456-426614174003'),
('a23e4567-e89b-12d3-a456-426614174014', '523e4567-e89b-12d3-a456-426614174004', '2024-10-15', 25000, 'e23e4567-e89b-12d3-a456-426614174004'),
('b23e4567-e89b-12d3-a456-426614174015', '623e4567-e89b-12d3-a456-426614174005', '2024-10-16', 130000, 'a23e4567-e89b-12d3-a456-426614174000'),
('c23e4567-e89b-12d3-a456-426614174016', '723e4567-e89b-12d3-a456-426614174006', '2024-10-17', 95000, 'b23e4567-e89b-12d3-a456-426614174001'),
('d23e4567-e89b-12d3-a456-426614174017', '823e4567-e89b-12d3-a456-426614174007', '2024-10-18', 140000, 'c23e4567-e89b-12d3-a456-426614174002'),
('e23e4567-e89b-12d3-a456-426614174018', '923e4567-e89b-12d3-a456-426614174008', '2024-10-19', 55000, 'd23e4567-e89b-12d3-a456-426614174003'),
('f23e4567-e89b-12d3-a456-426614174019', 'a23e4567-e89b-12d3-a456-426614174009', '2024-10-20', 35000, 'e23e4567-e89b-12d3-a456-426614174004'),
('123e4567-e89b-12d3-a456-426614174020', '123e4567-e89b-12d3-a456-426614174000', '2024-10-21', 85000, 'a23e4567-e89b-12d3-a456-426614174000'),
('223e4567-e89b-12d3-a456-426614174021', '223e4567-e89b-12d3-a456-426614174001', '2024-10-22', 105000, 'b23e4567-e89b-12d3-a456-426614174001'),
('323e4567-e89b-12d3-a456-426614174022', '323e4567-e89b-12d3-a456-426614174002', '2024-10-23', 65000, 'c23e4567-e89b-12d3-a456-426614174002'),
('423e4567-e89b-12d3-a456-426614174023', '423e4567-e89b-12d3-a456-426614174003', '2024-10-24', 170000, 'd23e4567-e89b-12d3-a456-426614174003'),
('523e4567-e89b-12d3-a456-426614174024', '523e4567-e89b-12d3-a456-426614174004', '2024-10-25', 20000, 'e23e4567-e89b-12d3-a456-426614174004');

INSERT INTO SIJARTA.DISKON (kode, potongan, min_tr_pemesanan) VALUES
('NEWUSER50', 50000, 100000),
('WEEKEND20', 20000, 150000),
('HOLIDAY30', 30000, 200000),
('LOYAL10', 10000, 50000),
('FLASH25', 25000, 180000),
('SPECIAL15', 15000, 120000),
('BIGDEAL40', 40000, 250000),
('AUTUMN18', 18000, 140000),
('WINTER22', 22000, 160000),
('SPRING12', 12000, 80000),
('SUMMER10', 10000, 90000),
('FREESHIP', 5000, 50000),
('WELCOME5', 5000, 50000),
('BLACKFRIDAY50', 50000, 300000),
('CYBERMONDAY35', 35000, 200000),
('NEWYEAR25', 25000, 150000),
('VALENTINE20', 20000, 120000),
('EARLYBIRD15', 15000, 100000),
('SPRINGSALE10', 10000, 80000),
('HOLIDAYS30', 30000, 220000);

INSERT INTO SIJARTA.VOUCHER (kode, jml_hari_berlaku, kuota_penggunaan, harga) VALUES
('NEWUSER50', 30, 1, 45000),
('WEEKEND20', 2, 100, 18000),
('HOLIDAY30', 7, 50, 27000),
('LOYAL10', 90, 5, 9000),
('FLASH25', 1, 200, 22500),
('BIGDEAL40', 15, 50, 9000),
('FREESHIP', 30, 100, 4500),
('WELCOME5', 60, 150, 4500),
('SPECIAL15', 10, 20, 45000),
('EARLYBIRD15', 20, 40, 31500);

INSERT INTO SIJARTA.PROMO (kode, tgl_akhir_berlaku) VALUES
('VALENTINE20', '2025-12-31'),
('SPRINGSALE10', '2025-11-30'),
('AUTUMN18', '2025-11-15'),
('WINTER22', '2025-10-29'),
('SPRING12', '2025-03-31'),
('SUMMER10', '2025-06-30'),
('HOLIDAYS30', '2025-07-15'),
('NEWYEAR25', '2025-08-31'),
('BLACKFRIDAY50', '2025-11-27'),
('CYBERMONDAY35', '2025-11-29');

INSERT INTO SIJARTA.TR_PEMBELIAN_VOUCHER (id, tgl_awal, tgl_akhir, telah_digunakan, id_pelanggan, id_voucher, id_metode_bayar) VALUES
('b33e4567-e89b-12d3-a456-426614174000', '2024-12-01', '2025-10-31', 0, '123e4567-e89b-12d3-a456-426614174000', 'NEWUSER50', '123e4567-e89b-12d3-a456-426614174000'),
('c33e4567-e89b-12d3-a456-426614174001', '2024-12-02', '2025-10-03', 1, '123e4567-e89b-12d3-a456-426614174000', 'NEWUSER50', '223e4567-e89b-12d3-a456-426614174001'),
('d33e4567-e89b-12d3-a456-426614174002', '2024-12-03', '2025-10-09', 0, '123e4567-e89b-12d3-a456-426614174000', 'WEEKEND20', '323e4567-e89b-12d3-a456-426614174002'),
('e33e4567-e89b-12d3-a456-426614174003', '2024-12-04', '2025-01-01', 2, '123e4567-e89b-12d3-a456-426614174000', 'WEEKEND20', '423e4567-e89b-12d3-a456-426614174003'),
('f33e4567-e89b-12d3-a456-426614174004', '2024-12-05', '2025-10-05', 1, '223e4567-e89b-12d3-a456-426614174001', 'HOLIDAY30', '523e4567-e89b-12d3-a456-426614174004'),
('133e4567-e89b-12d3-a456-426614174005', '2024-12-06', '2025-10-21', 0, '223e4567-e89b-12d3-a456-426614174001', 'HOLIDAY30', '633e4567-e89b-12d3-a456-426614174005'),
('233e4567-e89b-12d3-a456-426614174006', '2024-12-07', '2025-10-22', 1, '223e4567-e89b-12d3-a456-426614174001', 'LOYAL10', '123e4567-e89b-12d3-a456-426614174000'),
('333e4567-e89b-12d3-a456-426614174007', '2024-12-08', '2025-10-23', 0, '223e4567-e89b-12d3-a456-426614174001', 'LOYAL10', '223e4567-e89b-12d3-a456-426614174001'),
('433e4567-e89b-12d3-a456-426614174008', '2024-12-09', '2025-10-24', 2, '323e4567-e89b-12d3-a456-426614174002', 'FLASH25', '323e4567-e89b-12d3-a456-426614174002'),
('533e4567-e89b-12d3-a456-426614174009', '2024-12-10', '2025-10-25', 1, '323e4567-e89b-12d3-a456-426614174002', 'FLASH25', '423e4567-e89b-12d3-a456-426614174003'),
('633e4567-e89b-12d3-a456-426614174010', '2024-12-11', '2025-10-26', 0, '323e4567-e89b-12d3-a456-426614174002', 'BIGDEAL40', '523e4567-e89b-12d3-a456-426614174004'),
('733e4567-e89b-12d3-a456-426614174011', '2024-12-12', '2025-10-27', 0, '323e4567-e89b-12d3-a456-426614174002', 'BIGDEAL40', '633e4567-e89b-12d3-a456-426614174005'),
('833e4567-e89b-12d3-a456-426614174012', '2024-12-13', '2025-10-28', 0, '423e4567-e89b-12d3-a456-426614174003', 'FREESHIP', '123e4567-e89b-12d3-a456-426614174000'),
('933e4567-e89b-12d3-a456-426614174013', '2024-12-14', '2025-10-29', 0, '423e4567-e89b-12d3-a456-426614174003', 'FREESHIP', '223e4567-e89b-12d3-a456-426614174001'),
('a33e4567-e89b-12d3-a456-426614174014', '2024-12-15', '2025-10-30', 0, '423e4567-e89b-12d3-a456-426614174003', 'SPECIAL15', '323e4567-e89b-12d3-a456-426614174002'),
('b33e4567-e89b-12d3-a456-426614174015', '2024-12-16', '2025-10-31', 0, '423e4567-e89b-12d3-a456-426614174003', 'EARLYBIRD15', '423e4567-e89b-12d3-a456-426614174003'),
('c33e4567-e89b-12d3-a456-426614174016', '2024-12-17', '2025-11-01', 0, '523e4567-e89b-12d3-a456-426614174004', 'FREESHIP', '523e4567-e89b-12d3-a456-426614174004'),
('d33e4567-e89b-12d3-a456-426614174017', '2024-12-18', '2025-11-02', 0, '523e4567-e89b-12d3-a456-426614174004', 'WELCOME5', '633e4567-e89b-12d3-a456-426614174005');

INSERT INTO SIJARTA.STATUS_PESANAN (id, status) VALUES
('f33e4567-e89b-12d3-a456-426614174000', 'Menunggu Pembayaran'),
('f33e4567-e89b-12d3-a456-426614174001', 'Mencari Pekerja Terdekat'),
('f33e4567-e89b-12d3-a456-426614174002', 'Pekerja Dalam Perjalanan'),
('f33e4567-e89b-12d3-a456-426614174003', 'Pekerjaan Dimulai'),
('f33e4567-e89b-12d3-a456-426614174004', 'Pekerjaan Selesai'),
('f33e4567-e89b-12d3-a456-426614174005', 'Pembayaran Selesai'),
('f33e4567-e89b-12d3-a456-426614174006', 'Dibatalkan');

INSERT INTO SIJARTA.TR_PEMESANAN_JASA (id, tgl_pemesanan, total_biaya, id_pelanggan, id_kategori_jasa, sesi, id_diskon, id_metode_bayar) VALUES
('d43e4567-e89b-12d3-a456-426614174011', '2024-10-27', 175000, '123e4567-e89b-12d3-a456-426614174000', 'a23e4567-e89b-12d3-a456-426614174000', 1, 'WEEKEND20', '223e4567-e89b-12d3-a456-426614174001'),
('d43e4567-e89b-12d3-a456-426614174012', '2024-10-28', 300000, '123e4567-e89b-12d3-a456-426614174000', 'd23e4567-e89b-12d3-a456-426614174003', 3, 'HOLIDAY30', '323e4567-e89b-12d3-a456-426614174002'),
('d43e4567-e89b-12d3-a456-426614174028', '2024-10-29', 220000, '123e4567-e89b-12d3-a456-426614174000', 'e23e4567-e89b-12d3-a456-426614174004', 1, 'LOYAL10', '423e4567-e89b-12d3-a456-426614174003'),
('d43e4567-e89b-12d3-a456-426614174029', '2024-10-30', 180000, '523e4567-e89b-12d3-a456-426614174004', 'f23e4567-e89b-12d3-a456-426614174005', 2, 'FLASH25', '523e4567-e89b-12d3-a456-426614174004'),
('d43e4567-e89b-12d3-a456-42661417402A', '2024-10-31', 275000, '123e4567-e89b-12d3-a456-426614174000', 'b23e4567-e89b-12d3-a456-426614174007', 3, 'BIGDEAL40', '123e4567-e89b-12d3-a456-426614174000'),
('d43e4567-e89b-12d3-a456-42661417402B', '2024-11-01', 150000, '223e4567-e89b-12d3-a456-426614174001', 'c23e4567-e89b-12d3-a456-426614174008', 1, 'AUTUMN18', '223e4567-e89b-12d3-a456-426614174001'),
('d43e4567-e89b-12d3-a456-42661417402C', '2024-11-02', 320000, '323e4567-e89b-12d3-a456-426614174002', 'd23e4567-e89b-12d3-a456-426614174009', 2, 'WINTER22', '323e4567-e89b-12d3-a456-426614174002'),
('d43e4567-e89b-12d3-a456-42661417402D', '2024-11-03', 400000, '423e4567-e89b-12d3-a456-426614174003', 'e23e4567-e89b-12d3-a456-426614174004', 3, 'SPRING12', '423e4567-e89b-12d3-a456-426614174003'),
('d43e4567-e89b-12d3-a456-42661417402E', '2024-11-04', 125000, '523e4567-e89b-12d3-a456-426614174004', 'f23e4567-e89b-12d3-a456-426614174005', 1, 'SUMMER10', '523e4567-e89b-12d3-a456-426614174004'),
('d43e4567-e89b-12d3-a456-42661417402F', '2024-11-05', 95000, '123e4567-e89b-12d3-a456-426614174000','b23e4567-e89b-12d3-a456-426614174001', 2, 'HOLIDAYS30', '123e4567-e89b-12d3-a456-426614174000'),
('d43e4567-e89b-12d3-a456-426614174030', '2024-11-06', 300000, '223e4567-e89b-12d3-a456-426614174001', 'c23e4567-e89b-12d3-a456-426614174002', 3, 'NEWYEAR25', '223e4567-e89b-12d3-a456-426614174001'),
('d43e4567-e89b-12d3-a456-426614174031', '2024-11-07', 50000, '323e4567-e89b-12d3-a456-426614174002', 'd23e4567-e89b-12d3-a456-426614174003', 1, 'BLACKFRIDAY50', '323e4567-e89b-12d3-a456-426614174002'),
('d43e4567-e89b-12d3-a456-426614174032', '2024-11-08', 160000, '423e4567-e89b-12d3-a456-426614174003', 'e23e4567-e89b-12d3-a456-426614174004', 2, 'CYBERMONDAY35', '423e4567-e89b-12d3-a456-426614174003'),
('d43e4567-e89b-12d3-a456-426614174033', '2024-11-09', 75000, '523e4567-e89b-12d3-a456-426614174004', 'f23e4567-e89b-12d3-a456-426614174005', 3, 'EARLYBIRD15', '523e4567-e89b-12d3-a456-426614174004'),
('d43e4567-e89b-12d3-a456-426614174034', '2024-11-10', 210000, '123e4567-e89b-12d3-a456-426614174000', 'b23e4567-e89b-12d3-a456-426614174001', 2, 'SPRINGSALE10', '123e4567-e89b-12d3-a456-426614174000'),
('d43e4567-e89b-12d3-a456-426614174035', '2024-11-11', 180000, '223e4567-e89b-12d3-a456-426614174001', 'c23e4567-e89b-12d3-a456-426614174002', 1, 'HOLIDAYS30', '223e4567-e89b-12d3-a456-426614174001'),
('d43e4567-e89b-12d3-a456-426614174036', '2024-11-12', 130000, '323e4567-e89b-12d3-a456-426614174002', 'd23e4567-e89b-12d3-a456-426614174003', 2, 'WELCOME5', '323e4567-e89b-12d3-a456-426614174002'),
('d43e4567-e89b-12d3-a456-426614174037', '2024-11-13', 90000, '423e4567-e89b-12d3-a456-426614174003', 'e23e4567-e89b-12d3-a456-426614174004', 1, 'NEWUSER50', '423e4567-e89b-12d3-a456-426614174003'),
('d43e4567-e89b-12d3-a456-426614174038', '2024-11-14', 105000, '523e4567-e89b-12d3-a456-426614174004','f23e4567-e89b-12d3-a456-426614174005', 2, 'SPRINGSALE10', '523e4567-e89b-12d3-a456-426614174004'),
('d43e4567-e89b-12d3-a456-426614174039', '2024-11-15', 65000, '123e4567-e89b-12d3-a456-426614174000','b23e4567-e89b-12d3-a456-426614174001', 3, 'HOLIDAY30', '123e4567-e89b-12d3-a456-426614174000'),
('d43e4567-e89b-12d3-a456-42661417403A', '2024-11-16', 170000, '223e4567-e89b-12d3-a456-426614174001','c23e4567-e89b-12d3-a456-426614174002', 2, 'BLACKFRIDAY50', '223e4567-e89b-12d3-a456-426614174001'),
('d43e4567-e89b-12d3-a456-42661417403B', '2024-11-17', 80000, '323e4567-e89b-12d3-a456-426614174002', 'd23e4567-e89b-12d3-a456-426614174003', 1, 'CYBERMONDAY35', '323e4567-e89b-12d3-a456-426614174002'),
('d43e4567-e89b-12d3-a456-42661417403C', '2024-11-18', 140000, '423e4567-e89b-12d3-a456-426614174003', 'e23e4567-e89b-12d3-a456-426614174004', 2, 'EARLYBIRD15', '423e4567-e89b-12d3-a456-426614174003'),
('d43e4567-e89b-12d3-a456-42661417403D', '2024-11-19', 55000, '523e4567-e89b-12d3-a456-426614174004', 'f23e4567-e89b-12d3-a456-426614174005', 3, 'SUMMER10', '523e4567-e89b-12d3-a456-426614174004'),
('d43e4567-e89b-12d3-a456-42661417403E', '2024-11-20', 35000, '123e4567-e89b-12d3-a456-426614174000', 'b23e4567-e89b-12d3-a456-426614174001', 1, 'WELCOME5', '123e4567-e89b-12d3-a456-426614174000');

INSERT INTO SIJARTA.TR_PEMESANAN_STATUS (id_tr_pemesanan, id_status, tgl_waktu) VALUES
('d43e4567-e89b-12d3-a456-426614174011', 'f33e4567-e89b-12d3-a456-426614174000', '2024-10-27 09:00:00'),
('d43e4567-e89b-12d3-a456-426614174012', 'f33e4567-e89b-12d3-a456-426614174000', '2024-10-28 10:30:00'),
('d43e4567-e89b-12d3-a456-426614174028', 'f33e4567-e89b-12d3-a456-426614174001', '2024-10-29 11:45:00'),
('d43e4567-e89b-12d3-a456-426614174029', 'f33e4567-e89b-12d3-a456-426614174001', '2024-10-30 13:15:00'),
('d43e4567-e89b-12d3-a456-42661417402A', 'f33e4567-e89b-12d3-a456-426614174001', '2024-10-31 14:30:00'),
('d43e4567-e89b-12d3-a456-42661417402B', 'f33e4567-e89b-12d3-a456-426614174001', '2024-11-01 15:45:00'),
('d43e4567-e89b-12d3-a456-42661417402C', 'f33e4567-e89b-12d3-a456-426614174001', '2024-11-02 16:00:00'),
('d43e4567-e89b-12d3-a456-42661417402D', 'f33e4567-e89b-12d3-a456-426614174001', '2024-11-03 09:15:00'),
('d43e4567-e89b-12d3-a456-42661417402E', 'f33e4567-e89b-12d3-a456-426614174001', '2024-11-04 10:30:00'),
('d43e4567-e89b-12d3-a456-42661417402F', 'f33e4567-e89b-12d3-a456-426614174001', '2024-11-05 11:45:00'),
('d43e4567-e89b-12d3-a456-426614174030', 'f33e4567-e89b-12d3-a456-426614174001', '2024-11-06 13:00:00'),
('d43e4567-e89b-12d3-a456-426614174031', 'f33e4567-e89b-12d3-a456-426614174001', '2024-11-07 14:15:00'),
('d43e4567-e89b-12d3-a456-426614174032', 'f33e4567-e89b-12d3-a456-426614174001', '2024-11-08 15:30:00'),
('d43e4567-e89b-12d3-a456-426614174033', 'f33e4567-e89b-12d3-a456-426614174001', '2024-11-09 16:45:00'),
('d43e4567-e89b-12d3-a456-426614174034', 'f33e4567-e89b-12d3-a456-426614174001', '2024-11-10 09:00:00'),
('d43e4567-e89b-12d3-a456-426614174035', 'f33e4567-e89b-12d3-a456-426614174001', '2024-11-11 10:15:00'),
('d43e4567-e89b-12d3-a456-426614174036', 'f33e4567-e89b-12d3-a456-426614174001', '2024-11-12 11:30:00'),
('d43e4567-e89b-12d3-a456-426614174037', 'f33e4567-e89b-12d3-a456-426614174001', '2024-11-13 12:45:00'),
('d43e4567-e89b-12d3-a456-426614174038', 'f33e4567-e89b-12d3-a456-426614174001', '2024-11-14 14:00:00'),
('d43e4567-e89b-12d3-a456-426614174039', 'f33e4567-e89b-12d3-a456-426614174001', '2024-11-15 15:15:00'),
('d43e4567-e89b-12d3-a456-42661417403A', 'f33e4567-e89b-12d3-a456-426614174001', '2024-11-16 16:30:00'),
('d43e4567-e89b-12d3-a456-42661417403B', 'f33e4567-e89b-12d3-a456-426614174001', '2024-11-17 09:45:00'),
('d43e4567-e89b-12d3-a456-42661417403C', 'f33e4567-e89b-12d3-a456-426614174001', '2024-11-18 11:00:00'),
('d43e4567-e89b-12d3-a456-42661417403D', 'f33e4567-e89b-12d3-a456-426614174001', '2024-11-19 12:15:00'),
('d43e4567-e89b-12d3-a456-42661417403E', 'f33e4567-e89b-12d3-a456-426614174001', '2024-11-20 13:30:00');

INSERT INTO SIJARTA.TESTIMONI(id_tr_pemesanan, tgl, teks, rating) VALUES
('d43e4567-e89b-12d3-a456-426614174011', '2024-10-30', 'Pelayanan sangat memuaskan, pekerja sangat profesional!', 5),
('d43e4567-e89b-12d3-a456-426614174012', '2024-10-31', 'Pekerjaan selesai lebih cepat dari yang diharapkan. Terima kasih!', 5),
('d43e4567-e89b-12d3-a456-426614174028', '2024-11-01', 'Hasil kerja bagus, tapi komunikasi bisa ditingkatkan.', 4),
('d43e4567-e89b-12d3-a456-426614174029', '2024-11-02', 'Pekerja sangat ramah dan hasil kerjanya rapi.', 5),
('d43e4567-e89b-12d3-a456-42661417402A', '2024-11-03', 'Agak terlambat dari jadwal, tapi hasil akhirnya memuaskan.', 4),
('d43e4567-e89b-12d3-a456-42661417402B', '2024-11-04', 'Pelayanan cukup baik, sesuai dengan harga yang dibayarkan.', 3),
('d43e4567-e89b-12d3-a456-42661417402C', '2024-11-05', 'Sangat puas dengan hasil kerjanya! Akan menggunakan jasa lagi.', 5),
('d43e4567-e89b-12d3-a456-42661417402D', '2024-11-06', 'Pekerja sangat terampil dan cepat. Recommended!', 5),
('d43e4567-e89b-12d3-a456-42661417402E', '2024-11-07', 'Pelayanan standar, tidak ada yang istimewa.', 3),
('d43e4567-e89b-12d3-a456-42661417402F', '2024-11-08', 'Kualitas pekerjaan bagus, tapi harga agak mahal.', 4),
('d43e4567-e89b-12d3-a456-426614174030', '2024-11-09', 'Sangat puas dengan pelayanan dan hasil kerjanya!', 5),
('d43e4567-e89b-12d3-a456-426614174031', '2024-11-10', 'Pekerja datang terlambat, tapi hasil akhirnya memuaskan.', 4),
('d43e4567-e89b-12d3-a456-426614174032', '2024-11-11', 'Pekerjaan selesai sesuai jadwal, hasilnya bagus.', 4),
('d43e4567-e89b-12d3-a456-426614174033', '2024-11-12', 'Pelayanan biasa saja, masih bisa ditingkatkan.', 3),
('d43e4567-e89b-12d3-a456-426614174034', '2024-11-13', 'Pekerja sangat ahli dan ramah. Sangat merekomendasikan!', 5),
('d43e4567-e89b-12d3-a456-426614174035', '2024-11-14', 'Hasil kerja bagus, tapi komunikasi agak sulit.', 4),
('d43e4567-e89b-12d3-a456-426614174036', '2024-11-15', 'Puas dengan pelayanan dan kecepatan pengerjaan.', 5);
